,0,1,2,3
0,"HP EliteBook 840 G3 - 14” HD, Intel Core i5-6200U 2.4Ghz, 6th Gen | 8GB DDR4 Ram | 128GB SSD + 500GB HDD | Windows 10 Pro 64bit","Brand: HPMore Laptops from HP
Free Shipping","Rs. 56,999
Rs. 80,000-29%","                Computers & Laptops Laptops Traditional Laptops HP EliteBook 840 G3 - 14” HD, Intel Core i5-6200U 2.4Ghz, 6th Gen | 8GB DDR4 Ram | 128GB SSD + 500GB HDD | Windows 10 Pro 64bit Help Center
How to Buy
Corporate & Bulk Purchasing
Returns & Refunds
Daraz Shop
Contact Us
Purchase Protection
Daraz Pick up Points
Fulfilled by Daraz (FBD) Daraz University
Sell on Daraz
Join Daraz Affiliate Program  About Us
Digital Payments
Daraz Cares
Daraz Blog
Terms & Conditions
Privacy Policy
NTN Number : 4012118-6
STRN Number : 1700401211818
Online Shopping App
Online Grocery Shopping
Daraz Exclusive
How to shop on Daraz
Pak Vs Aus
Ramadan Daraz Se"
1,"HP EliteBook 840 G3 - 14” HD, Intel Core i5-6200U 2.4Ghz, 6th Gen | 8GB DDR4 Ram | 128GB SSD + 500GB HDD | Windows 10 Pro 64bit","Brand: HPMore Laptops from HP
Free Shipping","Rs. 56,999
Rs. 80,000-29%","                Computers & Laptops Laptops Traditional Laptops HP EliteBook 840 G3 - 14” HD, Intel Core i5-6200U 2.4Ghz, 6th Gen | 8GB DDR4 Ram | 128GB SSD + 500GB HDD | Windows 10 Pro 64bit Help Center
How to Buy
Corporate & Bulk Purchasing
Returns & Refunds
Daraz Shop
Contact Us
Purchase Protection
Daraz Pick up Points
Fulfilled by Daraz (FBD) Daraz University
Sell on Daraz
Join Daraz Affiliate Program  About Us
Digital Payments
Daraz Cares
Daraz Blog
Terms & Conditions
Privacy Policy
NTN Number : 4012118-6
STRN Number : 1700401211818
Online Shopping App
Online Grocery Shopping
Daraz Exclusive
How to shop on Daraz
Pak Vs Aus
Ramadan Daraz Se"
2,i-Life Zed Book-II - 2 in 1 Detachable - 11.6 FHD Touch Display - Intel® Atom Quad Core processor - Intel® HD 400 - Windows® 10 - Silver,Brand: No BrandMore Laptops from No Brand,"Rs. 19,999
Rs. 45,000-56%","                Computers & Laptops Laptops Traditional Laptops i-Life Zed Book-II - 2 in 1 Detachable - 11.6 FHD Touch Display - Intel® Atom Quad Core processor - Intel® HD 400 - Windows® 10 - Silver Help Center
How to Buy
Corporate & Bulk Purchasing
Returns & Refunds
Daraz Shop
Contact Us
Purchase Protection
Daraz Pick up Points
Fulfilled by Daraz (FBD) Daraz University
Sell on Daraz
Join Daraz Affiliate Program  About Us
Digital Payments
Daraz Cares
Daraz Blog
Terms & Conditions
Privacy Policy
NTN Number : 4012118-6
STRN Number : 1700401211818
Online Shopping App
Online Grocery Shopping
Daraz Exclusive
How to shop on Daraz
Pak Vs Aus
Ramadan Daraz Se"
3,i-Life Zed Book-II - 2 in 1 Detachable - 11.6 FHD Touch Display - Intel® Atom Quad Core processor - Intel® HD 400 - Windows® 10 - Silver,Brand: No BrandMore Laptops from No Brand,"Rs. 19,999
Rs. 45,000-56%","                Computers & Laptops Laptops Traditional Laptops i-Life Zed Book-II - 2 in 1 Detachable - 11.6 FHD Touch Display - Intel® Atom Quad Core processor - Intel® HD 400 - Windows® 10 - Silver Help Center
How to Buy
Corporate & Bulk Purchasing
Returns & Refunds
Daraz Shop
Contact Us
Purchase Protection
Daraz Pick up Points
Fulfilled by Daraz (FBD) Daraz University
Sell on Daraz
Join Daraz Affiliate Program  About Us
Digital Payments
Daraz Cares
Daraz Blog
Terms & Conditions
Privacy Policy
NTN Number : 4012118-6
STRN Number : 1700401211818
Online Shopping App
Online Grocery Shopping
Daraz Exclusive
How to shop on Daraz
Pak Vs Aus
Ramadan Daraz Se"
4,Lenovo Ideapad 330 - Intel Celeron N4000 - 15.6 HD Laptop - 4GB RAM - 1TB HDD - DOS - 1 Year Lenovo Official Warranty,Brand: LenovoMore Laptops from Lenovo,"Rs. 61,999
Rs. 75,000-17%","                Computers & Laptops Laptops Traditional Laptops Lenovo Ideapad 330 - Intel Celeron N4000 - 15.6 HD Laptop - 4GB RAM - 1TB HDD - DOS - 1 Year Lenovo Official Warranty Help Center
How to Buy
Corporate & Bulk Purchasing
Returns & Refunds
Daraz Shop
Contact Us
Purchase Protection
Daraz Pick up Points
Fulfilled by Daraz (FBD) Daraz University
Sell on Daraz
Join Daraz Affiliate Program  About Us
Digital Payments
Daraz Cares
Daraz Blog
Terms & Conditions
Privacy Policy
NTN Number : 4012118-6
STRN Number : 1700401211818
Online Shopping App
Online Grocery Shopping
Daraz Exclusive
How to shop on Daraz
Pak Vs Aus
Ramadan Daraz Se"
5,Lenovo Ideapad 330 - Intel Celeron N4000 - 15.6 HD Laptop - 4GB RAM - 1TB HDD - DOS - 1 Year Lenovo Official Warranty,Brand: LenovoMore Laptops from Lenovo,"Rs. 61,999
Rs. 75,000-17%","                Computers & Laptops Laptops Traditional Laptops Lenovo Ideapad 330 - Intel Celeron N4000 - 15.6 HD Laptop - 4GB RAM - 1TB HDD - DOS - 1 Year Lenovo Official Warranty Help Center
How to Buy
Corporate & Bulk Purchasing
Returns & Refunds
Daraz Shop
Contact Us
Purchase Protection
Daraz Pick up Points
Fulfilled by Daraz (FBD) Daraz University
Sell on Daraz
Join Daraz Affiliate Program  About Us
Digital Payments
Daraz Cares
Daraz Blog
Terms & Conditions
Privacy Policy
NTN Number : 4012118-6
STRN Number : 1700401211818
Online Shopping App
Online Grocery Shopping
Daraz Exclusive
How to shop on Daraz
Pak Vs Aus
Ramadan Daraz Se"
6,"VOSTRO 15 3500 11TH GEN I3-1115G4 INTEL UHD GRAPHICS 15"" FHD (1920 X 1080) ANTI GLARE NON-TOUCH LED 4GB (1X4GB) 1TB (5,400 RPM) HDD BLACK PALMREST WITHOUT FPR BLACK",Brand: DellMore Laptops from Dell,"Rs. 79,499
Rs. 118,000-33%","                Computers & Laptops Laptops Traditional Laptops VOSTRO 15 3500 11TH GEN I3-1115G4 INTEL UHD GRAPHICS 15"" FHD (1920 X 1080) ANTI GLARE NON-TOUCH LED 4GB (1X4GB) 1TB (5,400 RPM) HDD BLACK PALMREST WITHOUT FPR BLACK Help Center
How to Buy
Corporate & Bulk Purchasing
Returns & Refunds
Daraz Shop
Contact Us
Purchase Protection
Daraz Pick up Points
Fulfilled by Daraz (FBD) Daraz University
Sell on Daraz
Join Daraz Affiliate Program  About Us
Digital Payments
Daraz Cares
Daraz Blog
Terms & Conditions
Privacy Policy
NTN Number : 4012118-6
STRN Number : 1700401211818
Online Shopping App
Online Grocery Shopping
Daraz Exclusive
How to shop on Daraz
Pak Vs Aus
Ramadan Daraz Se"
7,"VOSTRO 15 3500 11TH GEN I3-1115G4 INTEL UHD GRAPHICS 15"" FHD (1920 X 1080) ANTI GLARE NON-TOUCH LED 4GB (1X4GB) 1TB (5,400 RPM) HDD BLACK PALMREST WITHOUT FPR BLACK",Brand: DellMore Laptops from Dell,"Rs. 79,499
Rs. 118,000-33%","                Computers & Laptops Laptops Traditional Laptops VOSTRO 15 3500 11TH GEN I3-1115G4 INTEL UHD GRAPHICS 15"" FHD (1920 X 1080) ANTI GLARE NON-TOUCH LED 4GB (1X4GB) 1TB (5,400 RPM) HDD BLACK PALMREST WITHOUT FPR BLACK    "
8,"Lenovo IP3 15 Celeron N4020, 4GB RAM , 1TB HDD,15.6 Led ,Dos Grey",Brand: LenovoMore Laptops from Lenovo,"Rs. 62,499
Rs. 75,999-18%","                Computers & Laptops Laptops Traditional Laptops Lenovo IP3 15 Celeron N4020, 4GB RAM , 1TB HDD,15.6 Led ,Dos Grey Help Center
How to Buy
Corporate & Bulk Purchasing
Returns & Refunds
Daraz Shop
Contact Us
Purchase Protection
Daraz Pick up Points
Fulfilled by Daraz (FBD) Daraz University
Sell on Daraz
Join Daraz Affiliate Program  About Us
Digital Payments
Daraz Cares
Daraz Blog
Terms & Conditions
Privacy Policy
NTN Number : 4012118-6
STRN Number : 1700401211818
Online Shopping App
Online Grocery Shopping
Daraz Exclusive
How to shop on Daraz
Pak Vs Aus
Ramadan Daraz Se"
9,"Lenovo IP3 15 Celeron N4020, 4GB RAM , 1TB HDD,15.6 Led ,Dos Grey",Brand: LenovoMore Laptops from Lenovo,"Rs. 62,499
Rs. 75,999-18%","                Computers & Laptops Laptops Traditional Laptops Lenovo IP3 15 Celeron N4020, 4GB RAM , 1TB HDD,15.6 Led ,Dos Grey Help Center
How to Buy
Corporate & Bulk Purchasing
Returns & Refunds
Daraz Shop
Contact Us
Purchase Protection
Daraz Pick up Points
Fulfilled by Daraz (FBD) Daraz University
Sell on Daraz
Join Daraz Affiliate Program  About Us
Digital Payments
Daraz Cares
Daraz Blog
Terms & Conditions
Privacy Policy
NTN Number : 4012118-6
STRN Number : 1700401211818
Online Shopping App
Online Grocery Shopping
Daraz Exclusive
How to shop on Daraz
Pak Vs Aus
Ramadan Daraz Se"
10,"INSPIRON 15 3501- I5-1135G7 8GB (8GBx1) 1TB 5400RPM 2.5"" SATA SOFT MINT",Brand: DellMore Laptops from Dell,"Rs. 120,999
Rs. 133,499-9%","                Computers & Laptops Laptops Traditional Laptops INSPIRON 15 3501- I5-1135G7 8GB (8GBx1) 1TB 5400RPM 2.5"" SATA SOFT MINT Help Center
How to Buy
Corporate & Bulk Purchasing
Returns & Refunds
Daraz Shop
Contact Us
Purchase Protection
Daraz Pick up Points
Fulfilled by Daraz (FBD) Daraz University
Sell on Daraz
Join Daraz Affiliate Program  About Us
Digital Payments
Daraz Cares
Daraz Blog
Terms & Conditions
Privacy Policy
NTN Number : 4012118-6
STRN Number : 1700401211818
Online Shopping App
Online Grocery Shopping
Daraz Exclusive
How to shop on Daraz
Pak Vs Aus
Ramadan Daraz Se"
11,"INSPIRON 15 3501- I5-1135G7 8GB (8GBx1) 1TB 5400RPM 2.5"" SATA SOFT MINT",Brand: DellMore Laptops from Dell,"Rs. 120,999
Rs. 133,499-9%","                Computers & Laptops Laptops Traditional Laptops INSPIRON 15 3501- I5-1135G7 8GB (8GBx1) 1TB 5400RPM 2.5"" SATA SOFT MINT Help Center
How to Buy
Corporate & Bulk Purchasing
Returns & Refunds
Daraz Shop
Contact Us
Purchase Protection
Daraz Pick up Points
Fulfilled by Daraz (FBD) Daraz University
Sell on Daraz
Join Daraz Affiliate Program  About Us
Digital Payments
Daraz Cares
Daraz Blog
Terms & Conditions
Privacy Policy
NTN Number : 4012118-6
STRN Number : 1700401211818
Online Shopping App
Online Grocery Shopping
Daraz Exclusive
How to shop on Daraz
Pak Vs Aus
Ramadan Daraz Se"
12,"INSPIRON 15 3501- I5-1135G7 8GB (8GBx1) 1TB 5400RPM 2.5"" SATA SNOW FLAKE",Brand: DellMore Laptops from Dell,"Rs. 120,999
Rs. 183,000-34%","                Computers & Laptops Laptops Traditional Laptops INSPIRON 15 3501- I5-1135G7 8GB (8GBx1) 1TB 5400RPM 2.5"" SATA SNOW FLAKE Help Center
How to Buy
Corporate & Bulk Purchasing
Returns & Refunds
Daraz Shop
Contact Us
Purchase Protection
Daraz Pick up Points
Fulfilled by Daraz (FBD) Daraz University
Sell on Daraz
Join Daraz Affiliate Program  About Us
Digital Payments
Daraz Cares
Daraz Blog
Terms & Conditions
Privacy Policy
NTN Number : 4012118-6
STRN Number : 1700401211818
Online Shopping App
Online Grocery Shopping
Daraz Exclusive
How to shop on Daraz
Pak Vs Aus
Ramadan Daraz Se"
13,"INSPIRON 15 3501- I5-1135G7 8GB (8GBx1) 1TB 5400RPM 2.5"" SATA SNOW FLAKE",Brand: DellMore Laptops from Dell,"Rs. 120,999
Rs. 183,000-34%","                Computers & Laptops Laptops Traditional Laptops INSPIRON 15 3501- I5-1135G7 8GB (8GBx1) 1TB 5400RPM 2.5"" SATA SNOW FLAKE Help Center
How to Buy
Corporate & Bulk Purchasing
Returns & Refunds
Daraz Shop
Contact Us
Purchase Protection
Daraz Pick up Points
Fulfilled by Daraz (FBD) Daraz University
Sell on Daraz
Join Daraz Affiliate Program  About Us
Digital Payments
Daraz Cares
Daraz Blog
Terms & Conditions
Privacy Policy
NTN Number : 4012118-6
STRN Number : 1700401211818
Online Shopping App
Online Grocery Shopping
Daraz Exclusive
How to shop on Daraz
Pak Vs Aus
Ramadan Daraz Se"
14,Inspiron 15 5502 | i5-1135G7 | 8GB | 256GB HDD | WiFi + BT | UBUNTU | Intel® Iris® Xe Graphics | BACKLIT KEYBOARD + FPR | FHD WVA Panel | MCAFEE | 2CIS+1EBS | Platinum Silver,Brand: DellMore Laptops from Dell,"Rs. 152,799
Rs. 200,000-24%","                Computers & Laptops Laptops Traditional Laptops Inspiron 15 5502 | i5-1135G7 | 8GB | 256GB HDD | WiFi + BT | UBUNTU | Intel® Iris® Xe Graphics | BACKLIT KEYBOARD + FPR | FHD WVA Panel | MCAFEE | 2CIS+1EBS | Platinum Silver Help Center
How to Buy
Corporate & Bulk Purchasing
Returns & Refunds
Daraz Shop
Contact Us
Purchase Protection
Daraz Pick up Points
Fulfilled by Daraz (FBD) Daraz University
Sell on Daraz
Join Daraz Affiliate Program  About Us
Digital Payments
Daraz Cares
Daraz Blog
Terms & Conditions
Privacy Policy
NTN Number : 4012118-6
STRN Number : 1700401211818
Online Shopping App
Online Grocery Shopping
Daraz Exclusive
How to shop on Daraz
Pak Vs Aus
Ramadan Daraz Se"
15,Inspiron 15 5502 | i5-1135G7 | 8GB | 256GB HDD | WiFi + BT | UBUNTU | Intel® Iris® Xe Graphics | BACKLIT KEYBOARD + FPR | FHD WVA Panel | MCAFEE | 2CIS+1EBS | Platinum Silver,Brand: DellMore Laptops from Dell,"Rs. 152,799
Rs. 200,000-24%","                Computers & Laptops Laptops Traditional Laptops Inspiron 15 5502 | i5-1135G7 | 8GB | 256GB HDD | WiFi + BT | UBUNTU | Intel® Iris® Xe Graphics | BACKLIT KEYBOARD + FPR | FHD WVA Panel | MCAFEE | 2CIS+1EBS | Platinum Silver Help Center
How to Buy
Corporate & Bulk Purchasing
Returns & Refunds
Daraz Shop
Contact Us
Purchase Protection
Daraz Pick up Points
Fulfilled by Daraz (FBD) Daraz University
Sell on Daraz
Join Daraz Affiliate Program  About Us
Digital Payments
Daraz Cares
Daraz Blog
Terms & Conditions
Privacy Policy
NTN Number : 4012118-6
STRN Number : 1700401211818
Online Shopping App
Online Grocery Shopping
Daraz Exclusive
How to shop on Daraz
Pak Vs Aus
Ramadan Daraz Se"
16,HP 15S-DU3525TU Ci5-1135G7 8GB 1TB 15.6 HD W10 Natural Silver,Brand: HP.More Laptops from HP.,"Rs. 116,499
Rs. 127,499-9%","                Computers & Laptops Laptops Traditional Laptops HP 15S-DU3525TU Ci5-1135G7 8GB 1TB 15.6 HD W10 Natural Silver Help Center
How to Buy
Corporate & Bulk Purchasing
Returns & Refunds
Daraz Shop
Contact Us
Purchase Protection
Daraz Pick up Points
Fulfilled by Daraz (FBD) Daraz University
Sell on Daraz
Join Daraz Affiliate Program  About Us
Digital Payments
Daraz Cares
Daraz Blog
Terms & Conditions
Privacy Policy
NTN Number : 4012118-6
STRN Number : 1700401211818
Online Shopping App
Online Grocery Shopping
Daraz Exclusive
How to shop on Daraz
Pak Vs Aus
Ramadan Daraz Se"
17,HP 15S-DU3525TU Ci5-1135G7 8GB 1TB 15.6 HD W10 Natural Silver,Brand: HP.More Laptops from HP.,"Rs. 116,499
Rs. 127,499-9%","                Computers & Laptops Laptops Traditional Laptops HP 15S-DU3525TU Ci5-1135G7 8GB 1TB 15.6 HD W10 Natural Silver Help Center
How to Buy
Corporate & Bulk Purchasing
Returns & Refunds
Daraz Shop
Contact Us
Purchase Protection
Daraz Pick up Points
Fulfilled by Daraz (FBD) Daraz University
Sell on Daraz
Join Daraz Affiliate Program  About Us
Digital Payments
Daraz Cares
Daraz Blog
Terms & Conditions
Privacy Policy
NTN Number : 4012118-6
STRN Number : 1700401211818
Online Shopping App
Online Grocery Shopping
Daraz Exclusive
How to shop on Daraz
Pak Vs Aus
Ramadan Daraz Se"
18,HP 15S-DU3526TU Ci3-1115G4 4GB 1TB 15.6 HD W10 Natural Silver,Brand: HPMore Laptops from HP,"Rs. 95,999
Rs. 99,999-4%","                Computers & Laptops Laptops Traditional Laptops HP 15S-DU3526TU Ci3-1115G4 4GB 1TB 15.6 HD W10 Natural Silver Help Center
How to Buy
Corporate & Bulk Purchasing
Returns & Refunds
Daraz Shop
Contact Us
Purchase Protection
Daraz Pick up Points
Fulfilled by Daraz (FBD) Daraz University
Sell on Daraz
Join Daraz Affiliate Program  About Us
Digital Payments
Daraz Cares
Daraz Blog
Terms & Conditions
Privacy Policy
NTN Number : 4012118-6
STRN Number : 1700401211818
Online Shopping App
Online Grocery Shopping
Daraz Exclusive
How to shop on Daraz
Pak Vs Aus
Ramadan Daraz Se"
19,HP 15S-DU3526TU Ci3-1115G4 4GB 1TB 15.6 HD W10 Natural Silver,Brand: HPMore Laptops from HP,"Rs. 95,999
Rs. 99,999-4%","                Computers & Laptops Laptops Traditional Laptops HP 15S-DU3526TU Ci3-1115G4 4GB 1TB 15.6 HD W10 Natural Silver Help Center
How to Buy
Corporate & Bulk Purchasing
Returns & Refunds
Daraz Shop
Contact Us
Purchase Protection
Daraz Pick up Points
Fulfilled by Daraz (FBD) Daraz University
Sell on Daraz
Join Daraz Affiliate Program  About Us
Digital Payments
Daraz Cares
Daraz Blog
Terms & Conditions
Privacy Policy
NTN Number : 4012118-6
STRN Number : 1700401211818
Online Shopping App
Online Grocery Shopping
Daraz Exclusive
How to shop on Daraz
Pak Vs Aus
Ramadan Daraz Se"
20,"Dell Inspiron 15 3511 | Intel® Core™ i7-1165G7, 8GB, 8Gx1, DDR4, 2666MHz, 512GB M.2 SSD, NVIDIA® GeForce® MX350 2GB GDDR5, 15.0- Non Backlit keyboard, Windows 10 Home, MS Office, Soft Mint",Brand: DellMore Laptops from Dell,"Rs. 185,000
Rs. 199,499-7%","                Computers & Laptops Laptops Traditional Laptops Dell Inspiron 15 3511 | Intel® Core™ i7-1165G7, 8GB, 8Gx1, DDR4, 2666MHz, 512GB M.2 SSD, NVIDIA® GeForce® MX350 2GB GDDR5, 15.0- Non Backlit keyboard, Windows 10 Home, MS Office, Soft Mint Help Center
How to Buy
Corporate & Bulk Purchasing
Returns & Refunds
Daraz Shop
Contact Us
Purchase Protection
Daraz Pick up Points
Fulfilled by Daraz (FBD) Daraz University
Sell on Daraz
Join Daraz Affiliate Program  About Us
Digital Payments
Daraz Cares
Daraz Blog
Terms & Conditions
Privacy Policy
NTN Number : 4012118-6
STRN Number : 1700401211818
Online Shopping App
Online Grocery Shopping
Daraz Exclusive
How to shop on Daraz
Pak Vs Aus
Ramadan Daraz Se"
21,"Dell Inspiron 15 3511 | Intel® Core™ i7-1165G7, 8GB, 8Gx1, DDR4, 2666MHz, 512GB M.2 SSD, NVIDIA® GeForce® MX350 2GB GDDR5, 15.0- Non Backlit keyboard, Windows 10 Home, MS Office, Soft Mint",Brand: DellMore Laptops from Dell,"Rs. 185,000
Rs. 199,499-7%","                Computers & Laptops Laptops Traditional Laptops Dell Inspiron 15 3511 | Intel® Core™ i7-1165G7, 8GB, 8Gx1, DDR4, 2666MHz, 512GB M.2 SSD, NVIDIA® GeForce® MX350 2GB GDDR5, 15.0- Non Backlit keyboard, Windows 10 Home, MS Office, Soft Mint Help Center
How to Buy
Corporate & Bulk Purchasing
Returns & Refunds
Daraz Shop
Contact Us
Purchase Protection
Daraz Pick up Points
Fulfilled by Daraz (FBD) Daraz University
Sell on Daraz
Join Daraz Affiliate Program  About Us
Digital Payments
Daraz Cares
Daraz Blog
Terms & Conditions
Privacy Policy
NTN Number : 4012118-6
STRN Number : 1700401211818
Online Shopping App
Online Grocery Shopping
Daraz Exclusive
How to shop on Daraz
Pak Vs Aus
Ramadan Daraz Se"
22,"INSPIRON 15 3501- I5-1135G7 8GB (8GBx1) 1TB 5400RPM 2.5"" SATA BLACK",Brand: DellMore Laptops from Dell,"Rs. 120,999
Rs. 183,000-34%","                Computers & Laptops Laptops Traditional Laptops INSPIRON 15 3501- I5-1135G7 8GB (8GBx1) 1TB 5400RPM 2.5"" SATA BLACK Help Center
How to Buy
Corporate & Bulk Purchasing
Returns & Refunds
Daraz Shop
Contact Us
Purchase Protection
Daraz Pick up Points
Fulfilled by Daraz (FBD) Daraz University
Sell on Daraz
Join Daraz Affiliate Program  About Us
Digital Payments
Daraz Cares
Daraz Blog
Terms & Conditions
Privacy Policy
NTN Number : 4012118-6
STRN Number : 1700401211818
Online Shopping App
Online Grocery Shopping
Daraz Exclusive
How to shop on Daraz
Pak Vs Aus
Ramadan Daraz Se"
23,"INSPIRON 15 3501- I5-1135G7 8GB (8GBx1) 1TB 5400RPM 2.5"" SATA BLACK",Brand: DellMore Laptops from Dell,"Rs. 120,999
Rs. 183,000-34%","                Computers & Laptops Laptops Traditional Laptops INSPIRON 15 3501- I5-1135G7 8GB (8GBx1) 1TB 5400RPM 2.5"" SATA BLACK Help Center
How to Buy
Corporate & Bulk Purchasing
Returns & Refunds
Daraz Shop
Contact Us
Purchase Protection
Daraz Pick up Points
Fulfilled by Daraz (FBD) Daraz University
Sell on Daraz
Join Daraz Affiliate Program  About Us
Digital Payments
Daraz Cares
Daraz Blog
Terms & Conditions
Privacy Policy
NTN Number : 4012118-6
STRN Number : 1700401211818
Online Shopping App
Online Grocery Shopping
Daraz Exclusive
How to shop on Daraz
Pak Vs Aus
Ramadan Daraz Se"
24,"Dell Inspiron 15 3511 | Intel® Core™ i5-1135G7, 8GB,, DDR4, 2666MHz, 1TB HDD, Intel® Iris® Xe Graphics, 15.0-inch FHD Non Backlit Keyboard ,Windows 10 Home, MS Office, McAfee 15m, No Carrying Case",Brand: DellMore Laptops from Dell,"Rs. 129,999
Rs. 150,999-14%","                Computers & Laptops Laptops Traditional Laptops Dell Inspiron 15 3511 | Intel® Core™ i5-1135G7, 8GB,, DDR4, 2666MHz, 1TB HDD, Intel® Iris® Xe Graphics, 15.0-inch FHD Non Backlit Keyboard ,Windows 10 Home, MS Office, McAfee 15m, No Carrying Case Help Center
How to Buy
Corporate & Bulk Purchasing
Returns & Refunds
Daraz Shop
Contact Us
Purchase Protection
Daraz Pick up Points
Fulfilled by Daraz (FBD) Daraz University
Sell on Daraz
Join Daraz Affiliate Program  About Us
Digital Payments
Daraz Cares
Daraz Blog
Terms & Conditions
Privacy Policy
NTN Number : 4012118-6
STRN Number : 1700401211818
Online Shopping App
Online Grocery Shopping
Daraz Exclusive
How to shop on Daraz
Pak Vs Aus
Ramadan Daraz Se"
25,"Dell Inspiron 15 3511 | Intel® Core™ i5-1135G7, 8GB,, DDR4, 2666MHz, 1TB HDD, Intel® Iris® Xe Graphics, 15.0-inch FHD Non Backlit Keyboard ,Windows 10 Home, MS Office, McAfee 15m, No Carrying Case",Brand: DellMore Laptops from Dell,"Rs. 129,999
Rs. 150,999-14%","                Computers & Laptops Laptops Traditional Laptops Dell Inspiron 15 3511 | Intel® Core™ i5-1135G7, 8GB,, DDR4, 2666MHz, 1TB HDD, Intel® Iris® Xe Graphics, 15.0-inch FHD Non Backlit Keyboard ,Windows 10 Home, MS Office, McAfee 15m, No Carrying Case Help Center
How to Buy
Corporate & Bulk Purchasing
Returns & Refunds
Daraz Shop
Contact Us
Purchase Protection
Daraz Pick up Points
Fulfilled by Daraz (FBD) Daraz University
Sell on Daraz
Join Daraz Affiliate Program  About Us
Digital Payments
Daraz Cares
Daraz Blog
Terms & Conditions
Privacy Policy
NTN Number : 4012118-6
STRN Number : 1700401211818
Online Shopping App
Online Grocery Shopping
Daraz Exclusive
How to shop on Daraz
Pak Vs Aus
Ramadan Daraz Se"
26,"Inspiron 15, 5510 | Intel® Core™ i5-11300H, 8GB, 2x4GB, DDR4, 2666MHz, 256GB M.2 PCIe NVMe SSD, Intel® Iris® Xe Graphics, Intel®, 15.0-inch FHD AG 250 nits WVA, Wi-Fi 6 2x2 AX201, 4-Cell 54WHr, Backlit Keyboard, Windows 10 Home, MS Office, McAfee 15",Brand: DellMore Laptops from Dell,"Rs. 157,799
Rs. 176,999-11%","                Computers & Laptops Laptops Traditional Laptops Inspiron 15, 5510 | Intel® Core™ i5-11300H, 8GB, 2x4GB, DDR4, 2666MHz, 256GB M.2 PCIe NVMe SSD, Intel® Iris® Xe Graphics, Intel®, 15.0-inch FHD AG 250 nits WVA, Wi-Fi 6 2x2 AX201, 4-Cell 54WHr, Backlit Keyboard, Windows 10 Home, MS Office, McAfee 15 Help Center
How to Buy
Corporate & Bulk Purchasing
Returns & Refunds
Daraz Shop
Contact Us
Purchase Protection
Daraz Pick up Points
Fulfilled by Daraz (FBD) Daraz University
Sell on Daraz
Join Daraz Affiliate Program  About Us
Digital Payments
Daraz Cares
Daraz Blog
Terms & Conditions
Privacy Policy
NTN Number : 4012118-6
STRN Number : 1700401211818
Online Shopping App
Online Grocery Shopping
Daraz Exclusive
How to shop on Daraz
Pak Vs Aus
Ramadan Daraz Se"
27,"Inspiron 15, 5510 | Intel® Core™ i5-11300H, 8GB, 2x4GB, DDR4, 2666MHz, 256GB M.2 PCIe NVMe SSD, Intel® Iris® Xe Graphics, Intel®, 15.0-inch FHD AG 250 nits WVA, Wi-Fi 6 2x2 AX201, 4-Cell 54WHr, Backlit Keyboard, Windows 10 Home, MS Office, McAfee 15",Brand: DellMore Laptops from Dell,"Rs. 157,799
Rs. 176,999-11%","                Computers & Laptops Laptops Traditional Laptops Inspiron 15, 5510 | Intel® Core™ i5-11300H, 8GB, 2x4GB, DDR4, 2666MHz, 256GB M.2 PCIe NVMe SSD, Intel® Iris® Xe Graphics, Intel®, 15.0-inch FHD AG 250 nits WVA, Wi-Fi 6 2x2 AX201, 4-Cell 54WHr, Backlit Keyboard, Windows 10 Home, MS Office, McAfee 15 Help Center
How to Buy
Corporate & Bulk Purchasing
Returns & Refunds
Daraz Shop
Contact Us
Purchase Protection
Daraz Pick up Points
Fulfilled by Daraz (FBD) Daraz University
Sell on Daraz
Join Daraz Affiliate Program  About Us
Digital Payments
Daraz Cares
Daraz Blog
Terms & Conditions
Privacy Policy
NTN Number : 4012118-6
STRN Number : 1700401211818
Online Shopping App
Online Grocery Shopping
Daraz Exclusive
How to shop on Daraz
Pak Vs Aus
Ramadan Daraz Se"
28,"Dell Inspiron 15 3511 | Intel® Core™ i5-1135G7, 4GB, 4Gx1, DDR4, 2666MHz, 1TB HDD, NVIDIA® GeForce® MX350 2GB GDDR5, 15.0-inch FHD AG 220 nits WVA, RTL 8821CE + BT5.0, 3-Cell 41WHr, Non Backlit Keyboard, Windows 10 Home, MS Office, Soft Mint",Brand: DellMore Laptops from Dell,"Rs. 140,899
Rs. 158,999-11%","                Computers & Laptops Laptops Traditional Laptops Dell Inspiron 15 3511 | Intel® Core™ i5-1135G7, 4GB, 4Gx1, DDR4, 2666MHz, 1TB HDD, NVIDIA® GeForce® MX350 2GB GDDR5, 15.0-inch FHD AG 220 nits WVA, RTL 8821CE + BT5.0, 3-Cell 41WHr, Non Backlit Keyboard, Windows 10 Home, MS Office, Soft Mint Help Center
How to Buy
Corporate & Bulk Purchasing
Returns & Refunds
Daraz Shop
Contact Us
Purchase Protection
Daraz Pick up Points
Fulfilled by Daraz (FBD) Daraz University
Sell on Daraz
Join Daraz Affiliate Program  About Us
Digital Payments
Daraz Cares
Daraz Blog
Terms & Conditions
Privacy Policy
NTN Number : 4012118-6
STRN Number : 1700401211818
Online Shopping App
Online Grocery Shopping
Daraz Exclusive
How to shop on Daraz
Pak Vs Aus
Ramadan Daraz Se"
29,"Dell Inspiron 15 3511 | Intel® Core™ i5-1135G7, 4GB, 4Gx1, DDR4, 2666MHz, 1TB HDD, NVIDIA® GeForce® MX350 2GB GDDR5, 15.0-inch FHD AG 220 nits WVA, RTL 8821CE + BT5.0, 3-Cell 41WHr, Non Backlit Keyboard, Windows 10 Home, MS Office, Soft Mint",Brand: DellMore Laptops from Dell,"Rs. 140,899
Rs. 158,999-11%","                Computers & Laptops Laptops Traditional Laptops Dell Inspiron 15 3511 | Intel® Core™ i5-1135G7, 4GB, 4Gx1, DDR4, 2666MHz, 1TB HDD, NVIDIA® GeForce® MX350 2GB GDDR5, 15.0-inch FHD AG 220 nits WVA, RTL 8821CE + BT5.0, 3-Cell 41WHr, Non Backlit Keyboard, Windows 10 Home, MS Office, Soft Mint Help Center
How to Buy
Corporate & Bulk Purchasing
Returns & Refunds
Daraz Shop
Contact Us
Purchase Protection
Daraz Pick up Points
Fulfilled by Daraz (FBD) Daraz University
Sell on Daraz
Join Daraz Affiliate Program  About Us
Digital Payments
Daraz Cares
Daraz Blog
Terms & Conditions
Privacy Policy
NTN Number : 4012118-6
STRN Number : 1700401211818
Online Shopping App
Online Grocery Shopping
Daraz Exclusive
How to shop on Daraz
Pak Vs Aus
Ramadan Daraz Se"
30,HP 15S-DU1520TU Celeron N4020 4GB 1TB UMA 15.6 HD WIN 10 Jet Black,Brand: HPMore Laptops from HP,"Rs. 70,999
Rs. 73,499-3%","                Computers & Laptops Laptops Traditional Laptops HP 15S-DU1520TU Celeron N4020 4GB 1TB UMA 15.6 HD WIN 10 Jet Black Help Center
How to Buy
Corporate & Bulk Purchasing
Returns & Refunds
Daraz Shop
Contact Us
Purchase Protection
Daraz Pick up Points
Fulfilled by Daraz (FBD) Daraz University
Sell on Daraz
Join Daraz Affiliate Program  About Us
Digital Payments
Daraz Cares
Daraz Blog
Terms & Conditions
Privacy Policy
NTN Number : 4012118-6
STRN Number : 1700401211818
Online Shopping App
Online Grocery Shopping
Daraz Exclusive
How to shop on Daraz
Pak Vs Aus
Ramadan Daraz Se"
31,HP 15S-DU1520TU Celeron N4020 4GB 1TB UMA 15.6 HD WIN 10 Jet Black,Brand: HPMore Laptops from HP,"Rs. 70,999
Rs. 73,499-3%","                Computers & Laptops Laptops Traditional Laptops HP 15S-DU1520TU Celeron N4020 4GB 1TB UMA 15.6 HD WIN 10 Jet Black Help Center
How to Buy
Corporate & Bulk Purchasing
Returns & Refunds
Daraz Shop
Contact Us
Purchase Protection
Daraz Pick up Points
Fulfilled by Daraz (FBD) Daraz University
Sell on Daraz
Join Daraz Affiliate Program  About Us
Digital Payments
Daraz Cares
Daraz Blog
Terms & Conditions
Privacy Policy
NTN Number : 4012118-6
STRN Number : 1700401211818
Online Shopping App
Online Grocery Shopping
Daraz Exclusive
How to shop on Daraz
Pak Vs Aus
Ramadan Daraz Se"
32,Hp Elitebook 820 G3 - Core i5 6th Generation - 8GB DDR4 RAM - 256GB SSD - 12.5inch Screen - FREE LAPTOP BAG,"Brand: HPMore Laptops from HP
Free Shipping","Rs. 49,499
Rs. 59,999-18%","                Computers & Laptops Laptops Traditional Laptops Hp Elitebook 820 G3 - Core i5 6th Generation - 8GB DDR4 RAM - 256GB SSD - 12.5inch Screen - FREE LAPTOP BAG Help Center
How to Buy
Corporate & Bulk Purchasing
Returns & Refunds
Daraz Shop
Contact Us
Purchase Protection
Daraz Pick up Points
Fulfilled by Daraz (FBD) Daraz University
Sell on Daraz
Join Daraz Affiliate Program  About Us
Digital Payments
Daraz Cares
Daraz Blog
Terms & Conditions
Privacy Policy
NTN Number : 4012118-6
STRN Number : 1700401211818
Online Shopping App
Online Grocery Shopping
Daraz Exclusive
How to shop on Daraz
Pak Vs Aus
Ramadan Daraz Se"
33,Hp Elitebook 820 G3 - Core i5 6th Generation - 8GB DDR4 RAM - 256GB SSD - 12.5inch Screen - FREE LAPTOP BAG,"Brand: HPMore Laptops from HP
Free Shipping","Rs. 49,499
Rs. 59,999-18%","                Computers & Laptops Laptops Traditional Laptops Hp Elitebook 820 G3 - Core i5 6th Generation - 8GB DDR4 RAM - 256GB SSD - 12.5inch Screen - FREE LAPTOP BAG Help Center
How to Buy
Corporate & Bulk Purchasing
Returns & Refunds
Daraz Shop
Contact Us
Purchase Protection
Daraz Pick up Points
Fulfilled by Daraz (FBD) Daraz University
Sell on Daraz
Join Daraz Affiliate Program  About Us
Digital Payments
Daraz Cares
Daraz Blog
Terms & Conditions
Privacy Policy
NTN Number : 4012118-6
STRN Number : 1700401211818
Online Shopping App
Online Grocery Shopping
Daraz Exclusive
How to shop on Daraz
Pak Vs Aus
Ramadan Daraz Se"
34,"HP 15s-FQ2554TU i5-1135G7-8GB, 256GB SSD,15.6"" LED HD,W10 Home, Natural Silver",Brand: HPMore Laptops from HP,"Rs. 122,999
Rs. 132,499-7%","                Computers & Laptops Laptops Traditional Laptops HP 15s-FQ2554TU i5-1135G7-8GB, 256GB SSD,15.6"" LED HD,W10 Home, Natural Silver Help Center
How to Buy
Corporate & Bulk Purchasing
Returns & Refunds
Daraz Shop
Contact Us
Purchase Protection
Daraz Pick up Points
Fulfilled by Daraz (FBD) Daraz University
Sell on Daraz
Join Daraz Affiliate Program  About Us
Digital Payments
Daraz Cares
Daraz Blog
Terms & Conditions
Privacy Policy
NTN Number : 4012118-6
STRN Number : 1700401211818
Online Shopping App
Online Grocery Shopping
Daraz Exclusive
How to shop on Daraz
Pak Vs Aus
Ramadan Daraz Se"
35,"HP 15s-FQ2554TU i5-1135G7-8GB, 256GB SSD,15.6"" LED HD,W10 Home, Natural Silver",Brand: HPMore Laptops from HP,"Rs. 122,999
Rs. 132,499-7%","                Computers & Laptops Laptops Traditional Laptops HP 15s-FQ2554TU i5-1135G7-8GB, 256GB SSD,15.6"" LED HD,W10 Home, Natural Silver Help Center
How to Buy
Corporate & Bulk Purchasing
Returns & Refunds
Daraz Shop
Contact Us
Purchase Protection
Daraz Pick up Points
Fulfilled by Daraz (FBD) Daraz University
Sell on Daraz
Join Daraz Affiliate Program  About Us
Digital Payments
Daraz Cares
Daraz Blog
Terms & Conditions
Privacy Policy
NTN Number : 4012118-6
STRN Number : 1700401211818
Online Shopping App
Online Grocery Shopping
Daraz Exclusive
How to shop on Daraz
Pak Vs Aus
Ramadan Daraz Se"
36,"ASUS Eee PC 1016P - 10.1"" - Atom N455 - Windows 7 Pro - 2 GB RAM - 160 GB HDD Series Specs",Brand: ASUSMore Laptops from ASUS,"Rs. 11,999
Rs. 19,999-40%","                Computers & Laptops Laptops Traditional Laptops ASUS Eee PC 1016P - 10.1"" - Atom N455 - Windows 7 Pro - 2 GB RAM - 160 GB HDD Series Specs Help Center
How to Buy
Corporate & Bulk Purchasing
Returns & Refunds
Daraz Shop
Contact Us
Purchase Protection
Daraz Pick up Points
Fulfilled by Daraz (FBD) Daraz University
Sell on Daraz
Join Daraz Affiliate Program  About Us
Digital Payments
Daraz Cares
Daraz Blog
Terms & Conditions
Privacy Policy
NTN Number : 4012118-6
STRN Number : 1700401211818
Online Shopping App
Online Grocery Shopping
Daraz Exclusive
How to shop on Daraz
Pak Vs Aus
Ramadan Daraz Se"
37,"ASUS Eee PC 1016P - 10.1"" - Atom N455 - Windows 7 Pro - 2 GB RAM - 160 GB HDD Series Specs",Brand: ASUSMore Laptops from ASUS,"Rs. 11,999
Rs. 19,999-40%","                Computers & Laptops Laptops Traditional Laptops ASUS Eee PC 1016P - 10.1"" - Atom N455 - Windows 7 Pro - 2 GB RAM - 160 GB HDD Series Specs Help Center
How to Buy
Corporate & Bulk Purchasing
Returns & Refunds
Daraz Shop
Contact Us
Purchase Protection
Daraz Pick up Points
Fulfilled by Daraz (FBD) Daraz University
Sell on Daraz
Join Daraz Affiliate Program  About Us
Digital Payments
Daraz Cares
Daraz Blog
Terms & Conditions
Privacy Policy
NTN Number : 4012118-6
STRN Number : 1700401211818
Online Shopping App
Online Grocery Shopping
Daraz Exclusive
How to shop on Daraz
Pak Vs Aus
Ramadan Daraz Se"
38,Dell LATITUDE E5400 14.1 Display - Intel® Core™ 2 Duo 4GB RAM - 250GB HDD - Windows® 7 & 10 (Activated) Refurbished,Brand: DellMore Laptops from Dell,"Rs. 15,999
Rs. 19,999-20%","                Computers & Laptops Laptops Traditional Laptops Dell LATITUDE E5400 14.1 Display - Intel® Core™ 2 Duo 4GB RAM - 250GB HDD - Windows® 7 & 10 (Activated) Refurbished Help Center
How to Buy
Corporate & Bulk Purchasing
Returns & Refunds
Daraz Shop
Contact Us
Purchase Protection
Daraz Pick up Points
Fulfilled by Daraz (FBD) Daraz University
Sell on Daraz
Join Daraz Affiliate Program  About Us
Digital Payments
Daraz Cares
Daraz Blog
Terms & Conditions
Privacy Policy
NTN Number : 4012118-6
STRN Number : 1700401211818
Online Shopping App
Online Grocery Shopping
Daraz Exclusive
How to shop on Daraz
Pak Vs Aus
Ramadan Daraz Se"
39,Dell LATITUDE E5400 14.1 Display - Intel® Core™ 2 Duo 4GB RAM - 250GB HDD - Windows® 7 & 10 (Activated) Refurbished,Brand: DellMore Laptops from Dell,"Rs. 15,999
Rs. 19,999-20%","                Computers & Laptops Laptops Traditional Laptops Dell LATITUDE E5400 14.1 Display - Intel® Core™ 2 Duo 4GB RAM - 250GB HDD - Windows® 7 & 10 (Activated) Refurbished Help Center
How to Buy
Corporate & Bulk Purchasing
Returns & Refunds
Daraz Shop
Contact Us
Purchase Protection
Daraz Pick up Points
Fulfilled by Daraz (FBD) Daraz University
Sell on Daraz
Join Daraz Affiliate Program  About Us
Digital Payments
Daraz Cares
Daraz Blog
Terms & Conditions
Privacy Policy
NTN Number : 4012118-6
STRN Number : 1700401211818
Online Shopping App
Online Grocery Shopping
Daraz Exclusive
How to shop on Daraz
Pak Vs Aus
Ramadan Daraz Se"
40,HP Stream 11 11.6 Display - Intel® Celeron® Processor - 2GB RAM - 32GB SSD 64GB SD card - Windows® 8 & 10 (Activated),Brand: HPMore Laptops from HP,"Rs. 22,999
Rs. 30,000-23%","                Computers & Laptops Laptops Traditional Laptops HP Stream 11 11.6 Display - Intel® Celeron® Processor - 2GB RAM - 32GB SSD 64GB SD card - Windows® 8 & 10 (Activated) Help Center
How to Buy
Corporate & Bulk Purchasing
Returns & Refunds
Daraz Shop
Contact Us
Purchase Protection
Daraz Pick up Points
Fulfilled by Daraz (FBD) Daraz University
Sell on Daraz
Join Daraz Affiliate Program  About Us
Digital Payments
Daraz Cares
Daraz Blog
Terms & Conditions
Privacy Policy
NTN Number : 4012118-6
STRN Number : 1700401211818
Online Shopping App
Online Grocery Shopping
Daraz Exclusive
How to shop on Daraz
Pak Vs Aus
Ramadan Daraz Se"
41,HP Stream 11 11.6 Display - Intel® Celeron® Processor - 2GB RAM - 32GB SSD 64GB SD card - Windows® 8 & 10 (Activated),Brand: HPMore Laptops from HP,"Rs. 22,999
Rs. 30,000-23%","                Computers & Laptops Laptops Traditional Laptops HP Stream 11 11.6 Display - Intel® Celeron® Processor - 2GB RAM - 32GB SSD 64GB SD card - Windows® 8 & 10 (Activated) Help Center
How to Buy
Corporate & Bulk Purchasing
Returns & Refunds
Daraz Shop
Contact Us
Purchase Protection
Daraz Pick up Points
Fulfilled by Daraz (FBD) Daraz University
Sell on Daraz
Join Daraz Affiliate Program  About Us
Digital Payments
Daraz Cares
Daraz Blog
Terms & Conditions
Privacy Policy
NTN Number : 4012118-6
STRN Number : 1700401211818
Online Shopping App
Online Grocery Shopping
Daraz Exclusive
How to shop on Daraz
Pak Vs Aus
Ramadan Daraz Se"
42,"Acer Travel Mate B117-MP-C2G3 11.6"" HD Laptop (Celeron N3060 1.6 GHz, 2 GB RAM, 32 GB SSD,250 GB HDD Win 10 Pro 64) Black",Brand: AcerMore Laptops from Acer,"Rs. 18,999
Rs. 26,999-30%","                Computers & Laptops Laptops Traditional Laptops Acer Travel Mate B117-MP-C2G3 11.6"" HD Laptop (Celeron N3060 1.6 GHz, 2 GB RAM, 32 GB SSD,250 GB HDD Win 10 Pro 64) Black Help Center
How to Buy
Corporate & Bulk Purchasing
Returns & Refunds
Daraz Shop
Contact Us
Purchase Protection
Daraz Pick up Points
Fulfilled by Daraz (FBD) Daraz University
Sell on Daraz
Join Daraz Affiliate Program  About Us
Digital Payments
Daraz Cares
Daraz Blog
Terms & Conditions
Privacy Policy
NTN Number : 4012118-6
STRN Number : 1700401211818
Online Shopping App
Online Grocery Shopping
Daraz Exclusive
How to shop on Daraz
Pak Vs Aus
Ramadan Daraz Se"
43,"Acer Travel Mate B117-MP-C2G3 11.6"" HD Laptop (Celeron N3060 1.6 GHz, 2 GB RAM, 32 GB SSD,250 GB HDD Win 10 Pro 64) Black",Brand: AcerMore Laptops from Acer,"Rs. 18,999
Rs. 26,999-30%","                Computers & Laptops Laptops Traditional Laptops Acer Travel Mate B117-MP-C2G3 11.6"" HD Laptop (Celeron N3060 1.6 GHz, 2 GB RAM, 32 GB SSD,250 GB HDD Win 10 Pro 64) Black Help Center
How to Buy
Corporate & Bulk Purchasing
Returns & Refunds
Daraz Shop
Contact Us
Purchase Protection
Daraz Pick up Points
Fulfilled by Daraz (FBD) Daraz University
Sell on Daraz
Join Daraz Affiliate Program  About Us
Digital Payments
Daraz Cares
Daraz Blog
Terms & Conditions
Privacy Policy
NTN Number : 4012118-6
STRN Number : 1700401211818
Online Shopping App
Online Grocery Shopping
Daraz Exclusive
How to shop on Daraz
Pak Vs Aus
Ramadan Daraz Se"
44,"HP Blue Tip Original Ac Adapter 19.5V 3.33A 65W For HP Pavilion X360,710412-001,Stream 11 13 14 15-AY Series 15-BS Series 15-G 15-R,HP Envy 13-AD 15-BP, HP Elitebook 1040 G1 Laptop Charger Power Supply",Brand: HPMore Laptops from HP,"Rs. 999
Rs. 3,000-67%","                Computers & Laptops Laptops Traditional Laptops HP Blue Tip Original Ac Adapter 19.5V 3.33A 65W For HP Pavilion X360,710412-001,Stream 11 13 14 15-AY Series 15-BS Series 15-G 15-R,HP Envy 13-AD 15-BP, HP Elitebook 1040 G1 Laptop Charger Power Supply Help Center
How to Buy
Corporate & Bulk Purchasing
Returns & Refunds
Daraz Shop
Contact Us
Purchase Protection
Daraz Pick up Points
Fulfilled by Daraz (FBD) Daraz University
Sell on Daraz
Join Daraz Affiliate Program  About Us
Digital Payments
Daraz Cares
Daraz Blog
Terms & Conditions
Privacy Policy
NTN Number : 4012118-6
STRN Number : 1700401211818
Online Shopping App
Online Grocery Shopping
Daraz Exclusive
How to shop on Daraz
Pak Vs Aus
Ramadan Daraz Se"
45,"HP Blue Tip Original Ac Adapter 19.5V 3.33A 65W For HP Pavilion X360,710412-001,Stream 11 13 14 15-AY Series 15-BS Series 15-G 15-R,HP Envy 13-AD 15-BP, HP Elitebook 1040 G1 Laptop Charger Power Supply",Brand: HPMore Laptops from HP,"Rs. 999
Rs. 3,000-67%","                Computers & Laptops Laptops Traditional Laptops HP Blue Tip Original Ac Adapter 19.5V 3.33A 65W For HP Pavilion X360,710412-001,Stream 11 13 14 15-AY Series 15-BS Series 15-G 15-R,HP Envy 13-AD 15-BP, HP Elitebook 1040 G1 Laptop Charger Power Supply Help Center
How to Buy
Corporate & Bulk Purchasing
Returns & Refunds
Daraz Shop
Contact Us
Purchase Protection
Daraz Pick up Points
Fulfilled by Daraz (FBD) Daraz University
Sell on Daraz
Join Daraz Affiliate Program  About Us
Digital Payments
Daraz Cares
Daraz Blog
Terms & Conditions
Privacy Policy
NTN Number : 4012118-6
STRN Number : 1700401211818
Online Shopping App
Online Grocery Shopping
Daraz Exclusive
How to shop on Daraz
Pak Vs Aus
Ramadan Daraz Se"
46,"_Acer 6th Generation - 500GB Hard Drive , 32GB SSD , 2GB Ram | 64bit","Brand: No BrandMore Laptops from No Brand
Free Shipping","Rs. 18,500
Rs. 33,000-44%","                Computers & Laptops Laptops Traditional Laptops _Acer 6th Generation - 500GB Hard Drive , 32GB SSD , 2GB Ram | 64bit Help Center
How to Buy
Corporate & Bulk Purchasing
Returns & Refunds
Daraz Shop
Contact Us
Purchase Protection
Daraz Pick up Points
Fulfilled by Daraz (FBD) Daraz University
Sell on Daraz
Join Daraz Affiliate Program  About Us
Digital Payments
Daraz Cares
Daraz Blog
Terms & Conditions
Privacy Policy
NTN Number : 4012118-6
STRN Number : 1700401211818
Online Shopping App
Online Grocery Shopping
Daraz Exclusive
How to shop on Daraz
Pak Vs Aus
Ramadan Daraz Se"
47,"_Acer 6th Generation - 500GB Hard Drive , 32GB SSD , 2GB Ram | 64bit","Brand: No BrandMore Laptops from No Brand
Free Shipping","Rs. 18,500
Rs. 33,000-44%","                Computers & Laptops Laptops Traditional Laptops _Acer 6th Generation - 500GB Hard Drive , 32GB SSD , 2GB Ram | 64bit Help Center
How to Buy
Corporate & Bulk Purchasing
Returns & Refunds
Daraz Shop
Contact Us
Purchase Protection
Daraz Pick up Points
Fulfilled by Daraz (FBD) Daraz University
Sell on Daraz
Join Daraz Affiliate Program  About Us
Digital Payments
Daraz Cares
Daraz Blog
Terms & Conditions
Privacy Policy
NTN Number : 4012118-6
STRN Number : 1700401211818
Online Shopping App
Online Grocery Shopping
Daraz Exclusive
How to shop on Daraz
Pak Vs Aus
Ramadan Daraz Se"
48,"Dell Inspiron 15 5515 | AMD Ryzen™ 7 5700U, 8GB, 1x8GB, DDR4, 3200MHz, 512GB M.2 PCIe NVMe SSD, AMD Radeon™ ,15.0-inch FHD AG 250 nits WVA, Graphics, Intel® Wi-Fi 6 2x2 AX200, 4-Cell 54WHr, Backlit Keybaord, Windows 10 Home, MS Office, McAfee 15mm,",Brand: DellMore Laptops from Dell,"Rs. 168,199
Rs. 188,499-11%","                Computers & Laptops Laptops Traditional Laptops Dell Inspiron 15 5515 | AMD Ryzen™ 7 5700U, 8GB, 1x8GB, DDR4, 3200MHz, 512GB M.2 PCIe NVMe SSD, AMD Radeon™ ,15.0-inch FHD AG 250 nits WVA, Graphics, Intel® Wi-Fi 6 2x2 AX200, 4-Cell 54WHr, Backlit Keybaord, Windows 10 Home, MS Office, McAfee 15mm, Help Center
How to Buy
Corporate & Bulk Purchasing
Returns & Refunds
Daraz Shop
Contact Us
Purchase Protection
Daraz Pick up Points
Fulfilled by Daraz (FBD) Daraz University
Sell on Daraz
Join Daraz Affiliate Program  About Us
Digital Payments
Daraz Cares
Daraz Blog
Terms & Conditions
Privacy Policy
NTN Number : 4012118-6
STRN Number : 1700401211818
Online Shopping App
Online Grocery Shopping
Daraz Exclusive
How to shop on Daraz
Pak Vs Aus
Ramadan Daraz Se"
49,"Dell Inspiron 15 5515 | AMD Ryzen™ 7 5700U, 8GB, 1x8GB, DDR4, 3200MHz, 512GB M.2 PCIe NVMe SSD, AMD Radeon™ ,15.0-inch FHD AG 250 nits WVA, Graphics, Intel® Wi-Fi 6 2x2 AX200, 4-Cell 54WHr, Backlit Keybaord, Windows 10 Home, MS Office, McAfee 15mm,",Brand: DellMore Laptops from Dell,"Rs. 168,199
Rs. 188,499-11%","                Computers & Laptops Laptops Traditional Laptops Dell Inspiron 15 5515 | AMD Ryzen™ 7 5700U, 8GB, 1x8GB, DDR4, 3200MHz, 512GB M.2 PCIe NVMe SSD, AMD Radeon™ ,15.0-inch FHD AG 250 nits WVA, Graphics, Intel® Wi-Fi 6 2x2 AX200, 4-Cell 54WHr, Backlit Keybaord, Windows 10 Home, MS Office, McAfee 15mm, Help Center
How to Buy
Corporate & Bulk Purchasing
Returns & Refunds
Daraz Shop
Contact Us
Purchase Protection
Daraz Pick up Points
Fulfilled by Daraz (FBD) Daraz University
Sell on Daraz
Join Daraz Affiliate Program  About Us
Digital Payments
Daraz Cares
Daraz Blog
Terms & Conditions
Privacy Policy
NTN Number : 4012118-6
STRN Number : 1700401211818
Online Shopping App
Online Grocery Shopping
Daraz Exclusive
How to shop on Daraz
Pak Vs Aus
Ramadan Daraz Se"
50,"DELL Latitude 3189, Intel Pentium N4200 Quad-Core (1.1 GHz), 8 GB DDR3L Ram, 128 GB SSD, Intel HD Graphics 505, 11.6"" Touchscreen 1366 x 768 Convertible 2-in-1 Laptop Windows 10 Pro 64-Bit",Brand: DellMore Laptops from Dell,"Rs. 27,999
Rs. 34,000-18%","                Computers & Laptops Laptops Traditional Laptops DELL Latitude 3189, Intel Pentium N4200 Quad-Core (1.1 GHz), 8 GB DDR3L Ram, 128 GB SSD, Intel HD Graphics 505, 11.6"" Touchscreen 1366 x 768 Convertible 2-in-1 Laptop Windows 10 Pro 64-Bit Help Center
How to Buy
Corporate & Bulk Purchasing
Returns & Refunds
Daraz Shop
Contact Us
Purchase Protection
Daraz Pick up Points
Fulfilled by Daraz (FBD) Daraz University
Sell on Daraz
Join Daraz Affiliate Program  About Us
Digital Payments
Daraz Cares
Daraz Blog
Terms & Conditions
Privacy Policy
NTN Number : 4012118-6
STRN Number : 1700401211818
Online Shopping App
Online Grocery Shopping
Daraz Exclusive
How to shop on Daraz
Pak Vs Aus
Ramadan Daraz Se"
51,"DELL Latitude 3189, Intel Pentium N4200 Quad-Core (1.1 GHz), 8 GB DDR3L Ram, 128 GB SSD, Intel HD Graphics 505, 11.6"" Touchscreen 1366 x 768 Convertible 2-in-1 Laptop Windows 10 Pro 64-Bit",Brand: DellMore Laptops from Dell,"Rs. 27,999
Rs. 34,000-18%","                Computers & Laptops Laptops Traditional Laptops DELL Latitude 3189, Intel Pentium N4200 Quad-Core (1.1 GHz), 8 GB DDR3L Ram, 128 GB SSD, Intel HD Graphics 505, 11.6"" Touchscreen 1366 x 768 Convertible 2-in-1 Laptop Windows 10 Pro 64-Bit Help Center
How to Buy
Corporate & Bulk Purchasing
Returns & Refunds
Daraz Shop
Contact Us
Purchase Protection
Daraz Pick up Points
Fulfilled by Daraz (FBD) Daraz University
Sell on Daraz
Join Daraz Affiliate Program  About Us
Digital Payments
Daraz Cares
Daraz Blog
Terms & Conditions
Privacy Policy
NTN Number : 4012118-6
STRN Number : 1700401211818
Online Shopping App
Online Grocery Shopping
Daraz Exclusive
How to shop on Daraz
Pak Vs Aus
Ramadan Daraz Se"
52,"HP Stream 11 Laptop, 8th Gen Intel Celeron N4020, 4 GB DDR4 RAM, 128 GB SSD, 11.6” HD Anti-Glare Display, Windows 10, Long Battery Life, Thin & Portable, Includes Microsoft 365 (11-ak0040nr, 2021 Diamond White)",Brand: HPMore Laptops from HP,"Rs. 26,500
Rs. 32,000-17%","                Computers & Laptops Laptops Traditional Laptops HP Stream 11 Laptop, 8th Gen Intel Celeron N4020, 4 GB DDR4 RAM, 128 GB SSD, 11.6” HD Anti-Glare Display, Windows 10, Long Battery Life, Thin & Portable, Includes Microsoft 365 (11-ak0040nr, 2021 Diamond White) Help Center
How to Buy
Corporate & Bulk Purchasing
Returns & Refunds
Daraz Shop
Contact Us
Purchase Protection
Daraz Pick up Points
Fulfilled by Daraz (FBD) Daraz University
Sell on Daraz
Join Daraz Affiliate Program  About Us
Digital Payments
Daraz Cares
Daraz Blog
Terms & Conditions
Privacy Policy
NTN Number : 4012118-6
STRN Number : 1700401211818
Online Shopping App
Online Grocery Shopping
Daraz Exclusive
How to shop on Daraz
Pak Vs Aus
Ramadan Daraz Se"
53,"HP Stream 11 Laptop, 8th Gen Intel Celeron N4020, 4 GB DDR4 RAM, 128 GB SSD, 11.6” HD Anti-Glare Display, Windows 10, Long Battery Life, Thin & Portable, Includes Microsoft 365 (11-ak0040nr, 2021 Diamond White)",Brand: HPMore Laptops from HP,"Rs. 26,500
Rs. 32,000-17%","                Computers & Laptops Laptops Traditional Laptops HP Stream 11 Laptop, 8th Gen Intel Celeron N4020, 4 GB DDR4 RAM, 128 GB SSD, 11.6” HD Anti-Glare Display, Windows 10, Long Battery Life, Thin & Portable, Includes Microsoft 365 (11-ak0040nr, 2021 Diamond White) Help Center
How to Buy
Corporate & Bulk Purchasing
Returns & Refunds
Daraz Shop
Contact Us
Purchase Protection
Daraz Pick up Points
Fulfilled by Daraz (FBD) Daraz University
Sell on Daraz
Join Daraz Affiliate Program  About Us
Digital Payments
Daraz Cares
Daraz Blog
Terms & Conditions
Privacy Policy
NTN Number : 4012118-6
STRN Number : 1700401211818
Online Shopping App
Online Grocery Shopping
Daraz Exclusive
How to shop on Daraz
Pak Vs Aus
Ramadan Daraz Se"
54,_DELL E6430 Intel Core i5-3rd Generation | 6GB ram - 500GB Hard Drive | 3 Hours Battery Backup,"Brand: laptopMore Laptops from laptop
Free Shipping","Rs. 32,000
Rs. 52,000-38%","                Computers & Laptops Laptops Traditional Laptops _DELL E6430 Intel Core i5-3rd Generation | 6GB ram - 500GB Hard Drive | 3 Hours Battery Backup Help Center
How to Buy
Corporate & Bulk Purchasing
Returns & Refunds
Daraz Shop
Contact Us
Purchase Protection
Daraz Pick up Points
Fulfilled by Daraz (FBD) Daraz University
Sell on Daraz
Join Daraz Affiliate Program  About Us
Digital Payments
Daraz Cares
Daraz Blog
Terms & Conditions
Privacy Policy
NTN Number : 4012118-6
STRN Number : 1700401211818
Online Shopping App
Online Grocery Shopping
Daraz Exclusive
How to shop on Daraz
Pak Vs Aus
Ramadan Daraz Se"
55,_DELL E6430 Intel Core i5-3rd Generation | 6GB ram - 500GB Hard Drive | 3 Hours Battery Backup,"Brand: laptopMore Laptops from laptop
Free Shipping","Rs. 32,000
Rs. 52,000-38%","                Computers & Laptops Laptops Traditional Laptops _DELL E6430 Intel Core i5-3rd Generation | 6GB ram - 500GB Hard Drive | 3 Hours Battery Backup Help Center
How to Buy
Corporate & Bulk Purchasing
Returns & Refunds
Daraz Shop
Contact Us
Purchase Protection
Daraz Pick up Points
Fulfilled by Daraz (FBD) Daraz University
Sell on Daraz
Join Daraz Affiliate Program  About Us
Digital Payments
Daraz Cares
Daraz Blog
Terms & Conditions
Privacy Policy
NTN Number : 4012118-6
STRN Number : 1700401211818
Online Shopping App
Online Grocery Shopping
Daraz Exclusive
How to shop on Daraz
Pak Vs Aus
Ramadan Daraz Se"
56,Acer TravelMate B113-E-2419 - 11.6 - Celeron(R) CPU 1007U- 8 GB RAM AND 500 GB HARD,Brand: No BrandMore Laptops from No Brand,"Rs. 19,999
Rs. 21,999-9%","                Computers & Laptops Laptops Traditional Laptops Acer TravelMate B113-E-2419 - 11.6 - Celeron(R) CPU 1007U- 8 GB RAM AND 500 GB HARD Help Center
How to Buy
Corporate & Bulk Purchasing
Returns & Refunds
Daraz Shop
Contact Us
Purchase Protection
Daraz Pick up Points
Fulfilled by Daraz (FBD) Daraz University
Sell on Daraz
Join Daraz Affiliate Program  About Us
Digital Payments
Daraz Cares
Daraz Blog
Terms & Conditions
Privacy Policy
NTN Number : 4012118-6
STRN Number : 1700401211818
Online Shopping App
Online Grocery Shopping
Daraz Exclusive
How to shop on Daraz
Pak Vs Aus
Ramadan Daraz Se"
57,Acer TravelMate B113-E-2419 - 11.6 - Celeron(R) CPU 1007U- 8 GB RAM AND 500 GB HARD,Brand: No BrandMore Laptops from No Brand,"Rs. 19,999
Rs. 21,999-9%","                Computers & Laptops Laptops Traditional Laptops Acer TravelMate B113-E-2419 - 11.6 - Celeron(R) CPU 1007U- 8 GB RAM AND 500 GB HARD Help Center
How to Buy
Corporate & Bulk Purchasing
Returns & Refunds
Daraz Shop
Contact Us
Purchase Protection
Daraz Pick up Points
Fulfilled by Daraz (FBD) Daraz University
Sell on Daraz
Join Daraz Affiliate Program  About Us
Digital Payments
Daraz Cares
Daraz Blog
Terms & Conditions
Privacy Policy
NTN Number : 4012118-6
STRN Number : 1700401211818
Online Shopping App
Online Grocery Shopping
Daraz Exclusive
How to shop on Daraz
Pak Vs Aus
Ramadan Daraz Se"
58,"Dell Inspiron 15 3511 | Intel® Core™ i5-1135G7, 8GB,, DDR4, 2666MHz, 1TB HDD, Intel® Iris® Xe Graphics, 15.0-inch FHD Non Backlit Keyboard ,Windows 10 Home, MS Office, McAfee 15m, Platinum Sliver",Brand: DellMore Laptops from Dell,"Rs. 126,000","                Computers & Laptops Laptops Traditional Laptops Dell Inspiron 15 3511 | Intel® Core™ i5-1135G7, 8GB,, DDR4, 2666MHz, 1TB HDD, Intel® Iris® Xe Graphics, 15.0-inch FHD Non Backlit Keyboard ,Windows 10 Home, MS Office, McAfee 15m, Platinum Sliver Help Center
How to Buy
Corporate & Bulk Purchasing
Returns & Refunds
Daraz Shop
Contact Us
Purchase Protection
Daraz Pick up Points
Fulfilled by Daraz (FBD) Daraz University
Sell on Daraz
Join Daraz Affiliate Program  About Us
Digital Payments
Daraz Cares
Daraz Blog
Terms & Conditions
Privacy Policy
NTN Number : 4012118-6
STRN Number : 1700401211818
Online Shopping App
Online Grocery Shopping
Daraz Exclusive
How to shop on Daraz
Pak Vs Aus
Ramadan Daraz Se"
59,"Dell Inspiron 15 3511 | Intel® Core™ i5-1135G7, 8GB,, DDR4, 2666MHz, 1TB HDD, Intel® Iris® Xe Graphics, 15.0-inch FHD Non Backlit Keyboard ,Windows 10 Home, MS Office, McAfee 15m, Platinum Sliver",Brand: DellMore Laptops from Dell,"Rs. 126,000","                Computers & Laptops Laptops Traditional Laptops Dell Inspiron 15 3511 | Intel® Core™ i5-1135G7, 8GB,, DDR4, 2666MHz, 1TB HDD, Intel® Iris® Xe Graphics, 15.0-inch FHD Non Backlit Keyboard ,Windows 10 Home, MS Office, McAfee 15m, Platinum Sliver Help Center
How to Buy
Corporate & Bulk Purchasing
Returns & Refunds
Daraz Shop
Contact Us
Purchase Protection
Daraz Pick up Points
Fulfilled by Daraz (FBD) Daraz University
Sell on Daraz
Join Daraz Affiliate Program  About Us
Digital Payments
Daraz Cares
Daraz Blog
Terms & Conditions
Privacy Policy
NTN Number : 4012118-6
STRN Number : 1700401211818
Online Shopping App
Online Grocery Shopping
Daraz Exclusive
How to shop on Daraz
Pak Vs Aus
Ramadan Daraz Se"
60,"HP Probook 3rd Generation - 4GB ram , 320GB Hard Drive - 2 Hours+Battery Backup","Brand: HPMore Laptops from HP
Free Shipping","Rs. 23,000
Rs. 39,000-41%","                Computers & Laptops Laptops Traditional Laptops HP Probook 3rd Generation - 4GB ram , 320GB Hard Drive - 2 Hours+Battery Backup Help Center
How to Buy
Corporate & Bulk Purchasing
Returns & Refunds
Daraz Shop
Contact Us
Purchase Protection
Daraz Pick up Points
Fulfilled by Daraz (FBD) Daraz University
Sell on Daraz
Join Daraz Affiliate Program  About Us
Digital Payments
Daraz Cares
Daraz Blog
Terms & Conditions
Privacy Policy
NTN Number : 4012118-6
STRN Number : 1700401211818
Online Shopping App
Online Grocery Shopping
Daraz Exclusive
How to shop on Daraz
Pak Vs Aus
Ramadan Daraz Se"
61,"HP Probook 3rd Generation - 4GB ram , 320GB Hard Drive - 2 Hours+Battery Backup","Brand: HPMore Laptops from HP
Free Shipping","Rs. 23,000
Rs. 39,000-41%","                Computers & Laptops Laptops Traditional Laptops HP Probook 3rd Generation - 4GB ram , 320GB Hard Drive - 2 Hours+Battery Backup Help Center
How to Buy
Corporate & Bulk Purchasing
Returns & Refunds
Daraz Shop
Contact Us
Purchase Protection
Daraz Pick up Points
Fulfilled by Daraz (FBD) Daraz University
Sell on Daraz
Join Daraz Affiliate Program  About Us
Digital Payments
Daraz Cares
Daraz Blog
Terms & Conditions
Privacy Policy
NTN Number : 4012118-6
STRN Number : 1700401211818
Online Shopping App
Online Grocery Shopping
Daraz Exclusive
How to shop on Daraz
Pak Vs Aus
Ramadan Daraz Se"
62,"HP Elitebook 840 G2 - Core i5-5th Generation - 128gb SSD M2 , 500GB Hard , 8GB RAM","Brand: No BrandMore Laptops from No Brand
Free Shipping","Rs. 54,000
Rs. 79,000-32%","                Computers & Laptops Laptops Traditional Laptops HP Elitebook 840 G2 - Core i5-5th Generation - 128gb SSD M2 , 500GB Hard , 8GB RAM Help Center
How to Buy
Corporate & Bulk Purchasing
Returns & Refunds
Daraz Shop
Contact Us
Purchase Protection
Daraz Pick up Points
Fulfilled by Daraz (FBD) Daraz University
Sell on Daraz
Join Daraz Affiliate Program  About Us
Digital Payments
Daraz Cares
Daraz Blog
Terms & Conditions
Privacy Policy
NTN Number : 4012118-6
STRN Number : 1700401211818
Online Shopping App
Online Grocery Shopping
Daraz Exclusive
How to shop on Daraz
Pak Vs Aus
Ramadan Daraz Se"
63,"HP Elitebook 840 G2 - Core i5-5th Generation - 128gb SSD M2 , 500GB Hard , 8GB RAM","Brand: No BrandMore Laptops from No Brand
Free Shipping","Rs. 54,000
Rs. 79,000-32%","                Computers & Laptops Laptops Traditional Laptops HP Elitebook 840 G2 - Core i5-5th Generation - 128gb SSD M2 , 500GB Hard , 8GB RAM Help Center
How to Buy
Corporate & Bulk Purchasing
Returns & Refunds
Daraz Shop
Contact Us
Purchase Protection
Daraz Pick up Points
Fulfilled by Daraz (FBD) Daraz University
Sell on Daraz
Join Daraz Affiliate Program  About Us
Digital Payments
Daraz Cares
Daraz Blog
Terms & Conditions
Privacy Policy
NTN Number : 4012118-6
STRN Number : 1700401211818
Online Shopping App
Online Grocery Shopping
Daraz Exclusive
How to shop on Daraz
Pak Vs Aus
Ramadan Daraz Se"
64,Probook hp 4540s core i3 3rd genration 4gb ram 500gb hhd hard with finger print lock,Brand: No BrandMore Laptops from No Brand,"Rs. 29,480
Rs. 35,000-16%","                Computers & Laptops Laptops Traditional Laptops Probook hp 4540s core i3 3rd genration 4gb ram 500gb hhd hard with finger print lock Help Center
How to Buy
Corporate & Bulk Purchasing
Returns & Refunds
Daraz Shop
Contact Us
Purchase Protection
Daraz Pick up Points
Fulfilled by Daraz (FBD) Daraz University
Sell on Daraz
Join Daraz Affiliate Program  About Us
Digital Payments
Daraz Cares
Daraz Blog
Terms & Conditions
Privacy Policy
NTN Number : 4012118-6
STRN Number : 1700401211818
Online Shopping App
Online Grocery Shopping
Daraz Exclusive
How to shop on Daraz
Pak Vs Aus
Ramadan Daraz Se"
65,Probook hp 4540s core i3 3rd genration 4gb ram 500gb hhd hard with finger print lock,Brand: No BrandMore Laptops from No Brand,"Rs. 29,480
Rs. 35,000-16%","                Computers & Laptops Laptops Traditional Laptops Probook hp 4540s core i3 3rd genration 4gb ram 500gb hhd hard with finger print lock Help Center
How to Buy
Corporate & Bulk Purchasing
Returns & Refunds
Daraz Shop
Contact Us
Purchase Protection
Daraz Pick up Points
Fulfilled by Daraz (FBD) Daraz University
Sell on Daraz
Join Daraz Affiliate Program  About Us
Digital Payments
Daraz Cares
Daraz Blog
Terms & Conditions
Privacy Policy
NTN Number : 4012118-6
STRN Number : 1700401211818
Online Shopping App
Online Grocery Shopping
Daraz Exclusive
How to shop on Daraz
Pak Vs Aus
Ramadan Daraz Se"
66,"Dell Inspiron 15 5510 11th Gen Core i5 11320H Quadcore 08GB 256GB SSD Intel Iris Xe Graphics 15.6"" Full HD 1080p Narrow Border LED Display Backlit KB FP Reader W10 | Platinum Silver",Brand: DellMore Laptops from Dell,"Rs. 142,999
Rs. 147,000-3%","                Computers & Laptops Laptops Traditional Laptops Dell Inspiron 15 5510 11th Gen Core i5 11320H Quadcore 08GB 256GB SSD Intel Iris Xe Graphics 15.6"" Full HD 1080p Narrow Border LED Display Backlit KB FP Reader W10 | Platinum Silver Help Center
How to Buy
Corporate & Bulk Purchasing
Returns & Refunds
Daraz Shop
Contact Us
Purchase Protection
Daraz Pick up Points
Fulfilled by Daraz (FBD) Daraz University
Sell on Daraz
Join Daraz Affiliate Program  About Us
Digital Payments
Daraz Cares
Daraz Blog
Terms & Conditions
Privacy Policy
NTN Number : 4012118-6
STRN Number : 1700401211818
Online Shopping App
Online Grocery Shopping
Daraz Exclusive
How to shop on Daraz
Pak Vs Aus
Ramadan Daraz Se"
67,"Dell Inspiron 15 5510 11th Gen Core i5 11320H Quadcore 08GB 256GB SSD Intel Iris Xe Graphics 15.6"" Full HD 1080p Narrow Border LED Display Backlit KB FP Reader W10 | Platinum Silver",Brand: DellMore Laptops from Dell,"Rs. 142,999
Rs. 147,000-3%","                Computers & Laptops Laptops Traditional Laptops Dell Inspiron 15 5510 11th Gen Core i5 11320H Quadcore 08GB 256GB SSD Intel Iris Xe Graphics 15.6"" Full HD 1080p Narrow Border LED Display Backlit KB FP Reader W10 | Platinum Silver Help Center
How to Buy
Corporate & Bulk Purchasing
Returns & Refunds
Daraz Shop
Contact Us
Purchase Protection
Daraz Pick up Points
Fulfilled by Daraz (FBD) Daraz University
Sell on Daraz
Join Daraz Affiliate Program  About Us
Digital Payments
Daraz Cares
Daraz Blog
Terms & Conditions
Privacy Policy
NTN Number : 4012118-6
STRN Number : 1700401211818
Online Shopping App
Online Grocery Shopping
Daraz Exclusive
How to shop on Daraz
Pak Vs Aus
Ramadan Daraz Se"
68,ACER TRAVELMATE B113 CELERON 2GB 320GB HDD,Brand: No BrandMore Laptops from No Brand,"Rs. 17,999
Rs. 21,000-14%","                Computers & Laptops Laptops Traditional Laptops ACER TRAVELMATE B113 CELERON 2GB 320GB HDD Help Center
How to Buy
Corporate & Bulk Purchasing
Returns & Refunds
Daraz Shop
Contact Us
Purchase Protection
Daraz Pick up Points
Fulfilled by Daraz (FBD) Daraz University
Sell on Daraz
Join Daraz Affiliate Program  About Us
Digital Payments
Daraz Cares
Daraz Blog
Terms & Conditions
Privacy Policy
NTN Number : 4012118-6
STRN Number : 1700401211818
Online Shopping App
Online Grocery Shopping
Daraz Exclusive
How to shop on Daraz
Pak Vs Aus
Ramadan Daraz Se"
69,ACER TRAVELMATE B113 CELERON 2GB 320GB HDD,Brand: No BrandMore Laptops from No Brand,"Rs. 17,999
Rs. 21,000-14%","                Computers & Laptops Laptops Traditional Laptops ACER TRAVELMATE B113 CELERON 2GB 320GB HDD Help Center
How to Buy
Corporate & Bulk Purchasing
Returns & Refunds
Daraz Shop
Contact Us
Purchase Protection
Daraz Pick up Points
Fulfilled by Daraz (FBD) Daraz University
Sell on Daraz
Join Daraz Affiliate Program  About Us
Digital Payments
Daraz Cares
Daraz Blog
Terms & Conditions
Privacy Policy
NTN Number : 4012118-6
STRN Number : 1700401211818
Online Shopping App
Online Grocery Shopping
Daraz Exclusive
How to shop on Daraz
Pak Vs Aus
Ramadan Daraz Se"
70,Dell Laptops,Brand: No BrandMore Laptops from No Brand,"Rs. 37,000","                Computers & Laptops Laptops Traditional Laptops Dell Laptops Help Center
How to Buy
Corporate & Bulk Purchasing
Returns & Refunds
Daraz Shop
Contact Us
Purchase Protection
Daraz Pick up Points
Fulfilled by Daraz (FBD) Daraz University
Sell on Daraz
Join Daraz Affiliate Program  About Us
Digital Payments
Daraz Cares
Daraz Blog
Terms & Conditions
Privacy Policy
NTN Number : 4012118-6
STRN Number : 1700401211818
Online Shopping App
Online Grocery Shopping
Daraz Exclusive
How to shop on Daraz
Pak Vs Aus
Ramadan Daraz Se"
71,Dell Laptops,Brand: No BrandMore Laptops from No Brand,"Rs. 37,000","                Computers & Laptops Laptops Traditional Laptops Dell Laptops Help Center
How to Buy
Corporate & Bulk Purchasing
Returns & Refunds
Daraz Shop
Contact Us
Purchase Protection
Daraz Pick up Points
Fulfilled by Daraz (FBD) Daraz University
Sell on Daraz
Join Daraz Affiliate Program  About Us
Digital Payments
Daraz Cares
Daraz Blog
Terms & Conditions
Privacy Policy
NTN Number : 4012118-6
STRN Number : 1700401211818
Online Shopping App
Online Grocery Shopping
Daraz Exclusive
How to shop on Daraz
Pak Vs Aus
Ramadan Daraz Se"
72,HP Intel 8th Generation - 4gb ram - 64gb SSD+64gb HDD - 4 hours Battery Backup - TOUCH SCREEN,"Brand: HPMore Laptops from HP
Free Shipping","Rs. 35,000
Rs. 62,000-44%","                Computers & Laptops Laptops Traditional Laptops HP Intel 8th Generation - 4gb ram - 64gb SSD+64gb HDD - 4 hours Battery Backup - TOUCH SCREEN Help Center
How to Buy
Corporate & Bulk Purchasing
Returns & Refunds
Daraz Shop
Contact Us
Purchase Protection
Daraz Pick up Points
Fulfilled by Daraz (FBD) Daraz University
Sell on Daraz
Join Daraz Affiliate Program  About Us
Digital Payments
Daraz Cares
Daraz Blog
Terms & Conditions
Privacy Policy
NTN Number : 4012118-6
STRN Number : 1700401211818
Online Shopping App
Online Grocery Shopping
Daraz Exclusive
How to shop on Daraz
Pak Vs Aus
Ramadan Daraz Se"
73,HP Intel 8th Generation - 4gb ram - 64gb SSD+64gb HDD - 4 hours Battery Backup - TOUCH SCREEN,"Brand: HPMore Laptops from HP
Free Shipping","Rs. 35,000
Rs. 62,000-44%","                Computers & Laptops Laptops Traditional Laptops HP Intel 8th Generation - 4gb ram - 64gb SSD+64gb HDD - 4 hours Battery Backup - TOUCH SCREEN Help Center
How to Buy
Corporate & Bulk Purchasing
Returns & Refunds
Daraz Shop
Contact Us
Purchase Protection
Daraz Pick up Points
Fulfilled by Daraz (FBD) Daraz University
Sell on Daraz
Join Daraz Affiliate Program  About Us
Digital Payments
Daraz Cares
Daraz Blog
Terms & Conditions
Privacy Policy
NTN Number : 4012118-6
STRN Number : 1700401211818
Online Shopping App
Online Grocery Shopping
Daraz Exclusive
How to shop on Daraz
Pak Vs Aus
Ramadan Daraz Se"
74,"HP 15-DY2093DX Laptop 11th Gen Intel Core i5 1135G7, 8GB, 256GB SSD, Intel Graphics, Windows 10, 15.6"" FHD IPS, Fingerprint Reader | Natural Silver",Brand: HPMore Laptops from HP,"Rs. 116,000
Rs. 129,000-10%","                Computers & Laptops Laptops Traditional Laptops HP 15-DY2093DX Laptop 11th Gen Intel Core i5 1135G7, 8GB, 256GB SSD, Intel Graphics, Windows 10, 15.6"" FHD IPS, Fingerprint Reader | Natural Silver Help Center
How to Buy
Corporate & Bulk Purchasing
Returns & Refunds
Daraz Shop
Contact Us
Purchase Protection
Daraz Pick up Points
Fulfilled by Daraz (FBD) Daraz University
Sell on Daraz
Join Daraz Affiliate Program  About Us
Digital Payments
Daraz Cares
Daraz Blog
Terms & Conditions
Privacy Policy
NTN Number : 4012118-6
STRN Number : 1700401211818
Online Shopping App
Online Grocery Shopping
Daraz Exclusive
How to shop on Daraz
Pak Vs Aus
Ramadan Daraz Se"
75,"HP 15-DY2093DX Laptop 11th Gen Intel Core i5 1135G7, 8GB, 256GB SSD, Intel Graphics, Windows 10, 15.6"" FHD IPS, Fingerprint Reader | Natural Silver",Brand: HPMore Laptops from HP,"Rs. 116,000
Rs. 129,000-10%","                Computers & Laptops Laptops Traditional Laptops HP 15-DY2093DX Laptop 11th Gen Intel Core i5 1135G7, 8GB, 256GB SSD, Intel Graphics, Windows 10, 15.6"" FHD IPS, Fingerprint Reader | Natural Silver Help Center
How to Buy
Corporate & Bulk Purchasing
Returns & Refunds
Daraz Shop
Contact Us
Purchase Protection
Daraz Pick up Points
Fulfilled by Daraz (FBD) Daraz University
Sell on Daraz
Join Daraz Affiliate Program  About Us
Digital Payments
Daraz Cares
Daraz Blog
Terms & Conditions
Privacy Policy
NTN Number : 4012118-6
STRN Number : 1700401211818
Online Shopping App
Online Grocery Shopping
Daraz Exclusive
How to shop on Daraz
Pak Vs Aus
Ramadan Daraz Se"
76,"Acer Chromebook 14, Aluminum, 14-inch Full HD, Intel Celeron Quad-Core N3160, 4GB LPDDR3, 16GB, Chrome, CB3-431-C5FM",Brand: AcerMore Laptops from Acer,"Rs. 20,000
Rs. 24,000-17%","                Computers & Laptops Laptops Traditional Laptops Acer Chromebook 14, Aluminum, 14-inch Full HD, Intel Celeron Quad-Core N3160, 4GB LPDDR3, 16GB, Chrome, CB3-431-C5FM Help Center
How to Buy
Corporate & Bulk Purchasing
Returns & Refunds
Daraz Shop
Contact Us
Purchase Protection
Daraz Pick up Points
Fulfilled by Daraz (FBD) Daraz University
Sell on Daraz
Join Daraz Affiliate Program  About Us
Digital Payments
Daraz Cares
Daraz Blog
Terms & Conditions
Privacy Policy
NTN Number : 4012118-6
STRN Number : 1700401211818
Online Shopping App
Online Grocery Shopping
Daraz Exclusive
How to shop on Daraz
Pak Vs Aus
Ramadan Daraz Se"
77,"Acer Chromebook 14, Aluminum, 14-inch Full HD, Intel Celeron Quad-Core N3160, 4GB LPDDR3, 16GB, Chrome, CB3-431-C5FM",Brand: AcerMore Laptops from Acer,"Rs. 20,000
Rs. 24,000-17%","                Computers & Laptops Laptops Traditional Laptops Acer Chromebook 14, Aluminum, 14-inch Full HD, Intel Celeron Quad-Core N3160, 4GB LPDDR3, 16GB, Chrome, CB3-431-C5FM Help Center
How to Buy
Corporate & Bulk Purchasing
Returns & Refunds
Daraz Shop
Contact Us
Purchase Protection
Daraz Pick up Points
Fulfilled by Daraz (FBD) Daraz University
Sell on Daraz
Join Daraz Affiliate Program  About Us
Digital Payments
Daraz Cares
Daraz Blog
Terms & Conditions
Privacy Policy
NTN Number : 4012118-6
STRN Number : 1700401211818
Online Shopping App
Online Grocery Shopping
Daraz Exclusive
How to shop on Daraz
Pak Vs Aus
Ramadan Daraz Se"
78,"Dell Inspiron 15 3511 11th Gen Core i3 1115G4 4GB 1TB HDD + Optional SSD 15.6"" Full HD 1080p Narrow Border Display Waves Maxx Audio | Carbon Black",Brand: DellMore Laptops from Dell,"Rs. 85,999
Rs. 90,000-4%","                Computers & Laptops Laptops Traditional Laptops Dell Inspiron 15 3511 11th Gen Core i3 1115G4 4GB 1TB HDD + Optional SSD 15.6"" Full HD 1080p Narrow Border Display Waves Maxx Audio | Carbon Black Help Center
How to Buy
Corporate & Bulk Purchasing
Returns & Refunds
Daraz Shop
Contact Us
Purchase Protection
Daraz Pick up Points
Fulfilled by Daraz (FBD) Daraz University
Sell on Daraz
Join Daraz Affiliate Program  About Us
Digital Payments
Daraz Cares
Daraz Blog
Terms & Conditions
Privacy Policy
NTN Number : 4012118-6
STRN Number : 1700401211818
Online Shopping App
Online Grocery Shopping
Daraz Exclusive
How to shop on Daraz
Pak Vs Aus
Ramadan Daraz Se"
79,"Dell Inspiron 15 3511 11th Gen Core i3 1115G4 4GB 1TB HDD + Optional SSD 15.6"" Full HD 1080p Narrow Border Display Waves Maxx Audio | Carbon Black",Brand: DellMore Laptops from Dell,"Rs. 85,999
Rs. 90,000-4%","                Computers & Laptops Laptops Traditional Laptops Dell Inspiron 15 3511 11th Gen Core i3 1115G4 4GB 1TB HDD + Optional SSD 15.6"" Full HD 1080p Narrow Border Display Waves Maxx Audio | Carbon Black Help Center
How to Buy
Corporate & Bulk Purchasing
Returns & Refunds
Daraz Shop
Contact Us
Purchase Protection
Daraz Pick up Points
Fulfilled by Daraz (FBD) Daraz University
Sell on Daraz
Join Daraz Affiliate Program  About Us
Digital Payments
Daraz Cares
Daraz Blog
Terms & Conditions
Privacy Policy
NTN Number : 4012118-6
STRN Number : 1700401211818
Online Shopping App
Online Grocery Shopping
Daraz Exclusive
How to shop on Daraz
Pak Vs Aus
Ramadan Daraz Se"
